{
    "matmul": 0.390625,
    "matmul_1": 0.203125,
    "blocks_0_mlp_fc1": 0.20052083333333334,
    "matmul_2": 0.390625,
    "matmul_3": 0.203125,
    "blocks_1_mlp_fc1": 0.20052083333333334,
    "matmul_4": 0.390625,
    "matmul_5": 0.40625,
    "blocks_2_mlp_fc1": 0.20052083333333334,
    "matmul_6": 0.5,
    "matmul_7": 0.515625,
    "blocks_3_mlp_fc1": 0.20052083333333334,
    "matmul_8": 0.59375,
    "matmul_9": 0.40625,
    "blocks_4_mlp_fc1": 0.20052083333333334,
    "matmul_10": 0.5,
    "matmul_11": 0.703125,
    "blocks_5_mlp_fc1": 0.4010416666666667,
    "matmul_12": 0.59375,
    "matmul_13": 0.40625,
    "blocks_6_mlp_fc1": 0.30078125,
    "matmul_14": 0.6875,
    "matmul_15": 0.40625,
    "blocks_7_mlp_fc1": 0.30078125,
    "matmul_16": 0.6875,
    "matmul_17": 0.515625,
    "blocks_8_mlp_fc1": 0.20052083333333334,
    "matmul_18": 0.6875,
    "matmul_19": 0.609375,
    "blocks_9_mlp_fc1": 0.30078125,
    "matmul_20": 0.6875,
    "matmul_21": 0.703125,
    "blocks_10_mlp_fc1": 0.4010416666666667,
    "matmul_22": 0.6875,
    "matmul_23": 0.703125,
    "blocks_11_mlp_fc1": 0.5013020833333334,
    "add_24": 0.203125
}