{
    "matmul": 0.59375,
    "matmul_1": 0.8125,
    "blocks_0_mlp_fc1": 0.10026041666666667,
    "matmul_2": 0.6875,
    "matmul_3": 0.703125,
    "blocks_1_mlp_fc1": 0.3001302083333333,
    "matmul_4": 0.6875,
    "matmul_5": 0.703125,
    "blocks_2_mlp_fc1": 0.3001302083333333,
    "matmul_6": 0.796875,
    "matmul_7": 0.8125,
    "blocks_3_mlp_fc1": 0.8001302083333334,
    "matmul_8": 0.796875,
    "matmul_9": 0.8125,
    "blocks_4_mlp_fc1": 0.8001302083333334,
    "matmul_10": 0.796875,
    "matmul_11": 0.8125,
    "blocks_5_mlp_fc1": 0.8001302083333334,
    "matmul_12": 0.796875,
    "matmul_13": 0.8125,
    "blocks_6_mlp_fc1": 0.8001302083333334,
    "matmul_14": 0.796875,
    "matmul_15": 0.8125,
    "blocks_7_mlp_fc1": 0.8001302083333334,
    "matmul_16": 0.796875,
    "matmul_17": 0.8125,
    "blocks_8_mlp_fc1": 0.8001302083333334,
    "matmul_18": 0.796875,
    "matmul_19": 0.8125,
    "blocks_9_mlp_fc1": 0.8001302083333334,
    "matmul_20": 0.796875,
    "matmul_21": 0.8125,
    "blocks_10_mlp_fc1": 0.8001302083333334,
    "matmul_22": 0.796875,
    "matmul_23": 0.8125,
    "blocks_11_mlp_fc1": 0.8001302083333334,
    "add_24": 0.1015625
}